Aaron, C. F.
Abel, R. H.
Ackland.,
Adams, Gen. C. W.
Adams, Robert R.
Adams, Franklin
Adams, Mrs. Lucy E.
Adams, Mrs. Annie
Aiken, Mr.
Airs, Thomas
Alfonso, Mother
Allen, Fred.
Allen, D. A.
Allen, Lena
Allen, Lula Musby
Allen, W. H.
Allen, Mr.
Allen.,
Allington, J. S.
Allison, M. M. .
Amandus, Brother
Ames, Lewis F.
Ames, Miss M.
Ames, Willie T.
Ames, Mrs. L. T.
Amish, M.
Amonett, child
Amonette, J. I.
Amonette, J. I. Jr.
Amos, Mrs. A.
Anderson, Mollie
Anderson, Auguste
Anderson, Willie
Anderson, Martha
Anderson, John
Anderson, Sarah M.
Anderson, Henrietta
Anderson, O.
Anderson, Martha
Anderson, J. W.
Anear, A.
App, Kate
App, Matilda
Arata, Mrs. Louisa
Arft, Lewis
Argi, Louis
Armstrong, Dr.
Armstrong, W.
Arnold,
Arnold, Maude
Arnold, Mrs.
Arnold, Ida
Arnold, child
Arnold, Lee
Arnold, Mr.
Arnold, Mollie
Arnott, Kate
Ash, Willie
Atchison, Emma
Atkinson, George
Atkinson, A. O.
Atkinson, John
Atkinson, Mrs. M. J.
Atkinson, William
Austin, William
Austin, Ran
Avent, Dr. B. W.
Avery, Allen G.
Avery, Major
Bacher,
Bacigaloupo, Vincent
Bacigaloupo, Mad. Vinc't
Bacigaloupo, Alice
Bacigaloupo, Mary A.
Bacigalupe, John
Bacon, Thomas
Badger, Caroline
Badinelli, A.
Badinelli, David
Badinelli, David
Bahl, John
Bailey, Mary
Bailey, Mr.
Bailey, Robert
Bailey, Charlie
Bailey, Mrs. Kate
Baker, William
Baker, T. N.
Baker, August
Baker, J. C.
Baker, S. L.
Bale, Mary L.
Balle, Fredrika
Ballinger, Mrs.
Banks, David
Banksmith, Minor
Bankson, Dr. J. S.
Barber, Mollie
Bardinello, Miss T.
Barker, J. B.
Barker, Mrs. L.
Barker, Hattie
Barlow, J. W.
Barnes, Florence
Barnes, Sarah
Barnes, W. C.
Barnes, A.
Barnes, A.
Barnes,R.W.'s son
Barnett, Bettie
Barron, Ellen
Bartholomew, Dr.
Batty, Lutin
Baudy, J. F.
Baum, Elmira
Baysted, Isaac
Beam, J. D.
Bearden, William
Beattie, John
Beatty, H.
Beavens, Fannie M.
Beavens, Nora
Beck, Katie
Becker, George N. Jr.
Bedford, George J.
Beecher, Dr. P. D.
Beechmont, Pierre
Behn, Miss Katie L.
Behrens, George
Beil, August
Belford, Hannah
Bell, Mary Bettie
Bell, Annie
Bell, Nannie
Bell, Mr.
Bell, M.
Bellte, Jacob
Bender, Fred.
Bennet, Mr.
Bennett, Charles
Bennett, Mrs. De Gray
Bennett, Mrs. May
Bergen, Frank
Bergman, George
Bergman, Mary
Bernard, E. H.
Bernard, E. H.
Bernard, H.
Bernard, H. H.
Berry, E.
Berry, James
Berry, Mrs. Claude J.
Best, Ione
Bevers, M. J.
Bickford, W. H.
Biggers, W. L.
Bilcher.,
Billar, Joseph
Bionda, Mrs. Kate
Bird, John
Birdie.,
Bisman, Henry
Bisman, Charles
Bitney, John
Bitteman, Mrs.
Bitteman, Isaac
Bitteman.,
Black, Katie
Black, Henry
Blackmore, L. W.
Blalock, W. H.
Blankenburg, William
Blanz, Clarence
Bleech, R. E.
Blew, Miss Willie
Blew, Robert
Blew, Miss Zilla
Blew, Mrs. R. W.
Blew, R. W.
Blew, Maggie
Blew, James
Bliss, Mary K.
Bloom, Moses
Bloomfield, Morris
Bock, Isadore
Boddie, Miss Alla
Boddie, Miss Jewell
Boddie, Miss Jessie
Bodell, Mr.
Bodie, Van
Bodinelli, Antonio
Boisseau, D. E.
Bokle, Rev. J. A.
Bolge, Maggie
Bolger, James
Bolinger, C.
Bolle, Mrs.. E.
Bollinger, C.
Bond, Dr. T. W.
Bonivita, Mr.
Bonne, Rishora
Bonner, Carrie
Bonner, John
Booth, James
Borden, L.
Borden, Willie
Borden, Annie
Borg, James
Borge, Katie
Borland, Miss Lizzie
Bornadia, Sister
Borsse, P.
Boss, Peter G.
Bossieu, Sallie
Botto, Tudie
Bouze, Maggie
Bowen, Alexander
Bowman, child
Boyce, Josephine
Boyd, Jack
Boyd, Charles
Boyd, Willie
Boylan, M.
Bozleman, Ernest
Bradford, Mrs.
Bradford, R. B.
Bradford, George
Bradley, Mrs. Martha
Brady, Martha
Brady, Mary
Brantz, Henry
Bras, Frank
Bras, Miss Annie
Bras, Fannie
Bras, George
Brauner.,
Brawner, Robert
Brearton, James
Brearton, Kate
Brennan, Mrs. K.
Brennáº¡n, John
Bretliez, H. S.
Brew, Michael
Bridgeport, Nancy
Brigg, Robert
Briggs, Horace H.
Brignadella, J.
Britten, W. T.
Britton, Robert
Britton, Robert
Brock, Mrs. A.
Brock, A.
Brock, Arthur
Brock, Bessie E.
Brockvogle, William
Brockvogle, William
Brooks, Ellen
Brooks, Mrs. R. E.
Brooks, (Will S.) son
Brooks, Charles C.
Brooks, Byron
Brooks, Clarence B.
Brother, Ernest
Brown, Miss Ida
Brown, Dixie G.
Brown, Tom
Brown, Maggie
Brown, E. B.
Brown, Mrs. Emmett
Brown, M. D. L.
Brown, Mrs. P. P.
Brown, Henry
Brown, Lewis
Brown, Col. A. S.
Brown, Lucene
Brown, Jacob
Brown, Charles M.
Brown, P. M.
Brown, P. M.
Brown, Jeff.
Brown, A. W.
Brum, Mrs. Annie
Brun, Mike
Bruns, Mrs. Rebeca
Bryson, Thomas
Bryson, Thos.
Buchert, J.
Buchignani, Tony
Buck, Mrs. Caroline.
Buckhalter.,
Buckle, H. W.
Bud, Mike
Bulew.,
Bullock, Mrs.
Bunyan, Fred.
Burcham, Dr. Robert
Burger, Dr. (col'd)
Burk, A. A.
Burk, A. A.
Burk, Michael
Burke, Margaret
Burke, Mrs. L. L.
Burke, Andrew
Burke, Thomas
Burke, Mrs.
Burke, Mrs.
Burke, Mary E.
Burke, Catharine
Burke, Bartholomew
Burke.,
Burleson, Mrs. M. J.
Burns, Thomas
Burns, A.
Burns, Lucy
Burns, Mrs.
Burns, Willie
Burn's child,
Burr, C. H.
Bussey, Mary E.
Butler, George
Butler, Carrie
Cadish, Mrs.
Cadish.,
Caims, Juliet R.
Cain, J. E.
Cain, Mary
Cainavan, Alice
Calahan, John
Calaway, Elsie
Caldwell, Fannie
Calhoun, W. A.
Calhoun, Mrs.
Callahan, Miss Mary
Callahan, Maggie
Callahan, Frank
Callsin, John
Campbell, Wm.
Campbell, James
Camperdonico, L.
Canale, Peter D.
Canepo, John
Canepo, James
Canepo's child,
Caneppo, Mary
Caneppo, Felicia
Cannon, Mike
Cannon, James H.
Cannon, Francis
Cannon, Bridget
Caphut, Mr.
Capshart, W. N.
Cardill.,
Carey, Albert
Cargill's son, I. J.
Carlim, Frank
Carlin, Katie
Carlisle, Elizabeth
Carlston, Charles
Carmichael, Mrs.
Carnes, Mary D.
Carpenter, Charles
Carr, J. T.
Carraway, Mrs. Ruth
Carrol, Sidney
Carroll, Ellen
Carroll, Edward
Cars, W. Luala
Carson, Peter
Carson, John
Carson, Ed.
Carteon, J. E.
Carver, Mrs.
Carver, Thomas M.
Carwin, Thomas
Castleman, B. D.
Cavanaugh, Martin
Cazoretta, Peter
Cearaway, Wm.
Celeste, John
Chalmers, Vernon
Champlain, George
Chandler, John F.
Chandler, Wm.
Chapski, Lewis
Chase, Wm. Sr.
Chatnest, Geo.
Cheek, Geo. A.
Chevis Dr. C. L.,
Child, Cole
Chinn, Walter
Christensen, Peter
Christianson, N. P.
Christman, Rudolph
Church, C. H.
Church, Frank
Church.,
Cicalla, Paul
Cicalla, Paul Sr.
Ciralto, David
Clancy, Maggie
Clapham, Mrs. G. E.
Clara, Mrs.
Clare, Harry
Clark, Elijah
Clark, Mr.
Clark, Mrs.
Clark, Barney
Clark, Anderson
Clark, Mrs. E. W.
Clark, Mrs. N.
Clark, Dr. S. R.
Clark, W. W.
Clark, Annie
Clark, Eddie
Clark, Mrs.
Clark, Thad
Clary, Michael
Clary, John D.
Clayton, Will
Cleary, John D.
Cleary, Mary Ann
Cleary.,
Cleere; Mrs. P.,
Cleire, W. P.
Clements, Henry
Cleveland, P. W.
Clockton's child,
Cloyd, Thomas S.
Cloyd, T. A.
Clure, Margaret
Coarts, Angie
Cockrell, Richard
Cockrell, B. F.
Coe, Lev. H.
Coe, Mrs. Maria
Coe, Mrs. Alice
Coe, Jessie
Cohen, Harris
Cohen, H.'s child
Cohen, Mrs. H.
Cole, Stella
Cole, Rachael
Cole, Gertrude
Cole, R.
Cole, Frederick
Coleman, Adam
Coleman, Eddie
Collin, Miss
Collins, Rev. C.
Collins, Thomas
Collins, James
Colman, Ben.
Comstock, Mrs. C. M.
Conaway, Mrs.
Conchila, T. S.
Condon, Miss Mary
Conlan, Maggie
Conley, Dennis
Conlin, John
Connally, John J.
Connel, Ella
Connell, Annie
Connell, Pat
Connell, Thomas
Connelly, Timothy
Conners, Pat.
Conotti, Cecilia
Conrad, Mrs. J. F.
Conrad, Munroe
Consadie, John
Constance, Sister
Conway, Frank
Cook, Eddie
Cook, Michael
Cook, A. P. C.
Cook, Mrs. W.
Cook, Stephen D.
Cook, Richard
Cook, John
Cook, Mrs. George.
Cook, John
Cook, R. R.
Cook, George
Cook, Mrs. A.
Cooney.,
Cooper, Katie B.
Cordano, Tony
Cornell, Mrs.
Corrigan, Mike
Corry, James
Coss, Abe
Costella, Mike
Costello.,
Costillo, Michael
Costoloe, Austin
Couch, Mrs. W. H.
Couns, J. S.
Courts, Lucy
Cowgil, John H.
Cox, Sarah
Coyle, P. J.
Crabb, John B.
Craken, Mrs.
Crampler, Mrs. Emma
Crane, Charles
Croker, Fritz
Cronin, John
Cronin, Pat.
Crook, Geo. W. L.
Crook, David
Crositte, C. C.
Croto, A.
Crouder, Nancy
Crouse, John
Crowder's child,
Crowel, Henry H.
Crowel, Alice G.
Cruikshank.,
Cuffey, D. E.
Cummings, Capt. John
Cummings, Alex.
Cummins, Margaret
Cunningham, M. J.
Cunningham, Mike
Curlin, Mrs. Antonio
Curtis, Mrs. Lucy
Cutting, Baxter N.
Dahlstrom, Frank
Dahlstrom, Charles
Dairy, Frank
Dallmall, J.
Dalora, Sister
Dalton, Elizabeth
Dalton, Mrs. Maggie
Dalton, H. C.
Dalton, Mrs.
Dalton, Ambrose G.
Daly, Mary
Daly, P.
Damstadter, J.
Danso, H.
Darby, Mrs.
Dare, Charles
Darges, Fred.
Darmstadter, Mrs. J.
Dashiell, Frank
Davenport, Patty
Davey, Thomas J.
Davis, Sam
Davis, Florence
Davis, Florence
Davis, George
Davis, John
Davis, C. C.
Davis, Carrie
Davis, Miss A. M.
Davis, Bob
Davis, Byron
Davis, Mary
Davis, Ella B.
Davis, Josephine
Davis, A. E.
Davis, Emma P.
Davis, Charles J.
Davis, George
Davis, Jefferson Jr.
Davis, Mrs. Lizzie
Davy, Mary L.
Dawson, Mrs. Dr.
Dawson, Mr.
Dawson, Annie
Dawson, Dr. G. R.
Day, Owen
Dea, Michael
Dean, George
Debula, Eliza
Decker, Prof. Henry
Decker, Mrs.
Delany, Wm. J.
Demmons, Thomas
Dennison, W. L.
Dent, Giles
Dessauer, Fanny
Devoto, D.
Devoto, A.
Devoto, Dave
Dewar, N.
Dewar, Norman
Dewey, Ellen
Dicker, Mary
Dickerson, Dr. P. M.
Dickerson, James W.
Dickerson, W.P.
Dickerson, H. N.
Diggens, George
Diland, Mike
Dod, A. F.
Dodges, Josie
Doeritch, Miss Amelia
Dolan, Andy
Dolan, Mike
Dolan, Michael
Dolan, Maggie
Dolan, James
Domonic.,
Donalson, Miss
Donk, R.
Donnelly, George
Donnelly, Thomas H.
Donnelly, Dennis
Donnelly, Minnie
Donnelly, Thomas
Donoho, Mike
Donohue, Ella
Donohue, John
Donoto, Raf. D. E.
Donovan, Mrs. John
Donovan, J. Jr.
Dooley, Mike
Dorson, Annie
Dorson, John
Dougherty. Thomas L.,
Dowell, Frank T.
Downey, Jo.
Downs, Mrs.
Downs, James
Doyle, James
Dravoid, Charles
Dreyfus, Lee
Dreyfus, L.
Dreyfus, Ben.
Droyer, Lizzie
Dryfus, M.
Duffey, James
Duffey, Dan
Duffey, P. J.
Duffey, Alice
Duffy, Mrs. T. W.
Duffy, Simon B.
Dugan, Daniel
Dugan, Louise
Dumser, Mary
Dun, W. S.
Duncan, O. J.
Duncan, C. H.
Duncan, Anna B.
Dunlap, Andrew
Dunlap, Andrew Jr.
Dunn, Ed.
Dunn, Mrs. F. P.
Dunn, Anderson
Dunn, Mrs. Mary
Dunn, Paul
Dupuy, W. P.
Durk, Oscar
Dusen, Renhardt
Dyes, Mrs. M. B.
Dyke, Mrs.
Dyke, Mrs. Bettie
Dzincki, Charles
Eagen, M. J.
Early, John
Early, W. T.
Early, Rev. J. T. 
Easley, Dr. E. T.
Eberhardt, Henry 
Eberly, V.
Eblen, E.
Ebler, Virginia
Echthevarne, G.
Eddington, Aug.
Edington, Charles
Edmondson, Joanna
Edwards, John
Edwards, Robert
Edwards, Mrs.
Edwards, Charles W. 
Eisler, B. H.
Elliott, W.
Elliott, George B. 
Elliott, John D.
Elliott, Joseph H. 
Elliott, Capt. William 
Engell, Peter
Ennis, John
Enwright, Pat.
Eppelett, Thomas
Erasmus, Brother
Erb, John
Erb, Philip
Erck, Hattie C.
Erck, George
Erksine, George
Erskine, Dr. J. H.
Erych, Albert
Esch, Emma
Evans, Allen
Everett, W. E.
Eyke, Martin
Eyke, Margaret
Faben, J. W.
Fabron, John
Fagan, Charles
Faher, Edward
Fairchild.,
Family, Milly
Faris.,
Farrel, Mary
Farrel, Hugh O.
Farrell, Pat.
Farrell, Mike
Farrer, Ed.
Farris, J. B.
Farris, Ed.
Fause, N.
Fazzi, L.
Fealey, Sarah
Featherstone, W. S.
Felking, Eliza
Fenacy, Margaret
Fenman, Kate
Fennick, Miss
Fenoritz, Alice A.
Fenster, Jack
Fenster, Caroline
Fenster, Jacob
Fenwick, Mrs. Julia
Fenwick, Miles R.
Ferguson, Harry W.
Ferguson, C. W.
Ficklin, Mrs.
Field, Mary
Fields, Dora
Fifer, Wm. S.
Fifer, Charles
Finley, Jennie
Finley, Annie
Finnie, Miss Willie
Firth, R. F.
Firth, W. G.
Firth, Ettie
Firth, M. E.
Fischer, Charles G.
Fisher, Mrs. C.
Fisher, John F.
Fisher, R.
Fisher, Dave
Fithian, Hester E.
Fitzgibbons, John
Fitzpatrick, Mary E.
Flack, Clara
Flack, Mrs. B.
Flack, T. J.
Flack, W. J.
Flack, L. B.
Flack, Jennie
Flack, Laura
Flaharty, Grace
Flanagan, Katie
Flanagan, Ed.
Flanery, Mike
Fletcher, J. F.
Fletcher, Mary
Fly.,
Flyn, Fred W.
Flynn, D. P.
Flynn, Emmet
Flynn, Eliza
Foley, Thos.
Forbes, John C.
Forbes, Dr.
Force, Dr.
Ford, Willie L.
Foreman, William
Forest, Mrs. E. G.
Forester, Simon
Foresty, Thos.
Forney (infant),
Fort, Mary
Forth, R. N.
Foster, T. J.
Foster, Ed. B.
Foster, Mrs. Annie
Foster, Ida
Foster, Clara
Foster, Charlie
Fowler, Mrs. J. J.
Fox,(child)
Foy, E. A.
France, Henry L.
Francis, E. G.
Francis, Sister
Francis,(child)
Francis.,
Frank, Samuel
Frank, Sol.
Frank.,
Franks, Frank
Frederick, E.
Frich, George
Friedman, Mrs.
Friedman, Henry
Friedman, Lula
Fritz, Lucy
Fritz, John
Froese, R.
Fuchs, V.
Fuchs, Mrs. Susannah 
Fuller.,
Fullerton, Mattie
Fullerton, Ed.
Fullerton, Mrs. Catharine 
Gable, Sophia
Gaibler, Elizabeth
Gains, Mrs.
Galloway, Mary A.
Galney, H. M.
Gane, Frank
Gardner, H. C.
Garnett, M. C.
Garreson, Frank
Garrett, John
Garrison, Fred
Garry, Bridget
Garry, John
Gasper, â€”
Gates, Frank
Gates, Mrs. S. M.
Gatland, J. Coutry
Gatti, James P.
Gause, Frank
Gear, Mrs. Docia
Genoka, Caroline
Gertrude, Sister
Getshell, Miss
Getshell, Mrs.
Getshell, Linda
Getz, Lena
Gibbs, George
Gibbs, Fred
Gibson, Nathan
Gibson, E. W.
Gilbert, G. W.
Gill, Annie
Gill, Henry
Gillen, A. K.
Gilmore, Wm.
Gilmot's child,
Gimson, Wm.
Gist, R. C.
Glaentz,(child)
Glaentz, Mary
Glaentzer, Wm.
Glass, Capt. Matt.
Glass, Mrs.
Gleason, Archer
Gleason, Mrs. M. J.
Gleese, Mary
Goebel, F.
Goebels, Theodore
Goepel, Miss Eliza
Goermer, Mrs. Clara
Goery, Mr.
Going, Samuel B.
Goldstein, Fannie
Goodin, John
Goodlett, W.B.
Goodman, A. H.
Goodman, L.
Goodman, A.
Goodwin, E. B.
Goodwin's child,
Goorich, David
Goplin, N.
Gordon, Willie
Gorrell, Dr. J. O. G.
Gossett, Miss Ella
Gotschick, Mrs. M.
Govan, Eugene
Goyle, Mary
Grady, Thomas
Graff.,
Graham, Mattie
Graham, Wm.
Granning, Wm.
Grant, Mr. Lou
Grant, Lewis
Grant, Mrs. Margaret
Grant, Joseph
Grant, G. H. Jr.
Grau, Frank Jr.
Graves, Mrs. Jennie
Gray, Mrs.
Gray, Walker
Gray, Mary Ellen
Gray, W. A.
Gray, Miss Jennie
Greber, Annie
Greehan, Mr. Sr.
Green, Mrs.
Green, Lizzie
Green, Manuel
Green, Nat. S.
Green, Mrs. Nat. S.
Greenpar, Fred
Green's son.,
Gregg, Mr.
Gregg, Mrs.
Gregg, Miss Jennie
Gregg's five children,
Gregor, Robert M.
Greupe, Charles
Griffin, William
Griffin, John
Griffin,(infant)
Griffin, Antonio
Griffin, Johnnie
Griffin, Mary G.
Griffin, Darrell F.
Griffin, Mike
Grigsby, Mrs. Mary
Grimes, Larry
Griswold, C. A.
Grogan, Edward
Grover, Fred
Groves.,
Guitavo, Fondain
Gummer.,
Gurley, Henry
Gurlock, Francis Sr.
Gurlock, Francis Jr.
Gusman, Charley
Gusman, Jennie
Guthrie, Michael
Gwinn, J. L.
Haessig, Daniel
Haessig, Henry
Hagge, Louise
Hagge, Mrs.
Hagge, John
Haggerty, James
Haggerty, John F.
Haggerty, Anne
Haggerty's two children ,
Hagge's child,
Hahn, Moses
Haley, Capt.
Hall, James
Hall, John
Hall, Rosa
Halley, Joseph L.
Hallows, Evaline
Halner, Mrs.
Halstead, W. H.
Hamilton, Chas.
Hamilton, J. W.
Hamilton, A. W.
Hammock, R. S.
Hamstein, Laura
Hanes, R. V.
Hanes, Miss Rosa
Haneustein, Julia
Hanley, Peter
Hanley, Edward
Hannigan, John
Hannstein, E.
Harden, Henry
Harder, Henry
Hare, Henry
Hargan, Mildred
Hargan, Mrs.
Harper, James
Harrington, H. S.
Harrington, A.
Harrington, Andy
Harrington.  ,
Harris, Willie
Harris, Davie
Harris, Ruth
Harris, Mrs. Mattie 
Harris.,
Harrison, M. J.
Harton, W. H.
Harvey, Walter W.
Haskell, Mrs. H.
Haston, V.
Hatch, Mrs. Manda
Hatcher, J. S.
Hauley, Margaret
Haumsteine,
Hauser's child,
Hawk, Mrs. M.
Hawkins, Sir Knight
Hawkins, A. S.
Hayes, Gatsel
Haynes, Nannie
Haynes, Walter B.
Hays, James
Hayse, Tim
Headly, Dr. T. J.
Heaffy, Cornelius
Heath, J. W.'
Heath, J. W.
Hefferman, Jerry
Hegge, John
Heidel, Robert
Heidman's child,
Heigh, Mansfield
Heilah, Wm.
Heldman, Wm.
Helman, Fred
Heman, Max .
Hemmerly, John
Hemple, Willie
Hems, Angeline
Hendricks, D.
Henman.,
Hennerger, Miss A.
Henniger, Otto
Henrique, John R.
Henry, Lula
Herbers, Frank
Herbert, Henry
Herbert.,
Herman, Lizzie
Herneson, Pauline 
Hewett, Mrs. Jessie
Hewett, Dr.'s child
Hewitt, P.
Hewitt, Mike
Hewitt, Thomas
Heyman, Howard
Heyman, Maurice
Heyman, Mrs.
Hickerson, Simon
Hicklin, Mr.
Hickman, Wm. B.
Hickman, Edward
Hicks, George
Hicks, Dr. John
Higgens, H. C.
Higgins, Wm.
Higgins.,
Hightower, Daniel
Hiland, John H.
Hill, E. J.
Hill, Wm. A.
Hill, W. P.
Hills, Walter C.
Himple, Mr. E.
HinklÄ™, Lida
Hint, Otto
Hiser, Catharine
Hitzfeld, Will
Hodges, W. H.
Hodges, Mrs. E.
Hodges, B. M.
Hodges, Dr. W. R. 
Hodges.,
Hoffman, Jacob
Hoffman, Henry
Hoffner, Rosena
Hogden, Jas.
Hohlen, Amelia
Holland, R. C.
Holland, T. P.
Hollenberg, Carrie
Holley, Luke
Holliday, A.
Hollingshead, C. B.
Holly.,
Hollywood, Mrs.
Hollywood, Lawrence 
Holmes, Maria
Holst, George
Holst, Theodore W. 
Holst.,
Holston, Martha
Holt, N. B.
Holt, Mrs.
Holt, Herman
Holt, John A.
Homan, Capt.
Honley, Daniel
Hood, Mrs.
Hood, Thomas B. 
Hope, George
Hope, John
Hope,
Hope, Tim
Horn, Mrs. Maggie
Horsley, Mollie
Horton, W. C.
Hotchkiss, Thos.
Hough, Gustavus
Howard, Mrs. C. W.
Howly, Frank
Huber, J. J.
Huber, Emily
Hudson, Wm.
Hudson, Ella
Huesman, Fred. R.
Hughes, John
Hughes, Mrs.
Huhn, Paul
Humes, A. R.
Huniger, Fred
Hunt, Wm.
Hunt.,
Hunter, Sadie
Hunter, Willie
Hunter, Ida
Huppert, Philip
Hurt's child,
Husse, Mrs. C.
Hutchinson, Robert
Hutsch, Theodore
Hyde, John
Ida.,
Ingalls, Dr.
Irby, Amanda
Irby, Lizzie
Irwin, Miss 'Emma N. 
Irwin, Mrs. John
Isaacs, Isaac
Jackson, Robt. Lee
Jackson, Mrs.
Jackson, Mrs.
Jackson, Henry
Jackson, Colden
Jackson, R. J.
Jacobi, J. C.
Jacobi, C. L.
Jacobi, J. C.
Jacobs, Joe
Jacobs, Mrs. Roberta
Jacobs, Dennis
Jake.,
James, Alice J.
Jamison, Wm.
Jefferson, Lewis
Jefferson, Mrs. B.
Jefferson, S. W.
Jefferson, Mrs. S.
Jehl, Edward
Jenkins, W.
Jenkins, Wm.
Jennie Joet, 
Jenny, F. J.
Jerome, Mrs. E. H.
Jobe, Sam. M.
Johanna.,
Johl, Mrs. Yetta
John, Chicago
John Johl.,
Johnson, Ed.
Johnson, Mrs.
Johnson, Chas.
Johnson, Edward
Johnson, Ben.
Johnson, John
Johnson, J. S.
Johnson, Mrs. M.
Johnson, Willie P. 
Johnson, Edward
Johnson, Cora L. 
Johnson, Cyrus
Johnson's child, 
Johnston, T. N.
Jones, Mrs.
Jones, Lou
Jones, John
Jones, Hannah
Jones, Eddie
Jones, C.
Jones, Marie Ellen 
Jones, Charles
Jones, Frank
Jones, Daisy
Jones, John
Jones, Mrs. Rachael 
Jones, Catharine
Jones, Anderson
Jones, Bob
Jones, Littleton
Joseph,
Joseph,Moth. Sup. Maria
Josephine, Sister
Joslin, Mrs.
Joyce, Patrick
Jozner, Mary
Juda, Charles
Judge, Theo.
Jukes, W. C.
Just, Marcus B.
Kadish, Mrs.'child
Kaff ki, Andrew
Kaffer, R.
Kahlfette, Irving
Kaiser, A.
Kallaher, C.
Kallaher, Mrs. S.
Kameron, Louis
Kammers, Amelia 
Kane, James
Kastin, A.
Kathriner, Emma
Kaufman, Lewis
Kaufman, Henry
Kaufman, Charles
Kaufman, Samuel
Kaufman, Mrs. L.
Kealhoffer, George
Keefe, Anna
Keefe, child
Keffavor, Adolphe
Keifferlie, Mollie
Keiger, Mrs. Rebecca 
Keining, Moses
Keiting, Dr.
Kelarhart, John
Kelhafer, Adolph W.
Kellaher, F.
Kellaher, John
Keller, Mike
Kelly, John
Kelly, John
Kelly, John
Kelly, Mike
Kelly, Luckeby
Kelly, Hannah
Kelly, John
Kendal, Peter
Kendall, Millie
Kendall, Robt.
Keney.,
Kenneally, Martin
Kennedy, Mrs.
Kennedy, W. A.
Kennedy, Florence
Kenney, James
Kenzler, Mrs. Margaret
Kenzler, Louis
Kercheval, E.
Kern, Arthur
Kerr, James M.
Kerr, Mrs. J. H. 
Kerr, William
Kerr, Mollie
Kerr, Charles
Kerr, Alexis B.
Kerr.,
Kery, James C.
Kesillen, A.
Keslow, Thomas
Kester, Susie
Keyer, Martin J.
Kilburn, H.
Kim, Richard
King, H. S.
King, Margaret
Kinnan, Thomas
Kirchner, Mr.
Kirchner, Alice
Kirkland, Henry
Kirwin, Dave
Klarutz, John
Klener, John
Klener, Johnnie
Klener, Joseph
Kline, Miss
Knight, Andy
Knowlton, L. S.
Knowlton, Eugene W.
Knox, Florence
Koch,Wm. Jr.
Koch, Wm.
Koenig, J. M.
Koffod, Thomas
Kohler, Amelia
Kortrecht, Judge Charles 
Kraft, Peter
Kraus, Wm.
Kraus, Mrs. B.
Kraus, George
Kraus, Henry
Kraus, Jacob
Kroeger, Fred
Kroker, Mrs.
Krouse, Miss Carlotta 
Kumpf, Willie
Kumpf, Matilda
Kutch, Kate
Kutsch, George
Kutsch, John
Labesque, J. M.
Labrella, Major
Lacaganni, L.
Lacey, Capt. A. T.
Lacey, Mrs. C.
Laherty, Kate
Lair, J. N.
Lake, Daniel
Lake, Miss Flora.
Lake, Robert
Lake, W. H.
Lallar, Reuben
Lamb, Ed.
Lambs, Annie C.
Landrum, Herbert S.
Landrum, George
Lane, Jo.
Lane, Lucy
Lane, H. B.
Lane, Adolph
Lane, Richard
Lang, Augusta
Lanham, E. W.
Lanigan, Bridget 
Lankford, C. R.
Lansford, W. W.
Lasalle, Mrs.
Latch, Amelia
Latch, Louise
Latch, John
Lauburg, John
Laurenz, C.
Laus, B.
Lavagna, Frank
Lavallan, Katie
Lawrence, S. M.
Lawrence, Jos. H.
Lawrence, Jennie
Lay, Louisa
Leach, John
Leath, Hamilton
Leath, Henrietta
Lebadu, Mrs.
Lee, James
Lee, Charles
Lego, Charles
LeGueere, G. H.
LeGuerre, Julia
Lehman, Y.
Lehman, Henry
Lehman, Mary
Leiber, Albert
Leibert, Ferd.
Leidy,Eugene
Lemmon, Tom.
Lemon, G. W
Lemons, Nellie
Lenhardt, Wm.
Lensford, Leoni
Leon.,
Leopold, Isaac
Leopold, Jack
Lepp, baby
Lerchy, Mrs. Rosina
Lertrud, Miss Louisa
Leshan, Miss A.
Leverson, Mrs. B. C.
Leverts, Fannie
Lewis, Louisa
Lewis, F. W.
Lewis, Clara
Lewis, John
Lieben, Miss A.
Lillig, Willie
Linburg, John
Lindeberg, Miss F.
Lindon, Charles
Lindsey, W. T.
Lindsey, W.T.
Lindsey, Belle
Ling, Lu
Linholm, John
Lippold, Willie
Lipsom, Fanny
Littlejohn, Lewis
Livingston, Henry
Livingston, Fannie
Lochmeyer, Wm.
Lochmeyer, A.
Loeb, Jacob
Loeffel, C.
Loeffel, Joe
Lohman, Leo.
Lohman, Mrs.
Lohman, Kate
Lolinski, Lewis
Lonergan, James
Loney, R. H. A.
Lonsdale, John G. Jr.
Lonsdale, Mrs. J. G.
Lonsdale, J. G. Sr.
Lorenz, L. M.
Lory.,
Louis, Adeline
Louis, George
Love, Allie
Love, Jenks
Love, Buddie
Love, Charlie
Lover, Robert
Lowry, Eddie
Lowry, Dr. W. R.
Lowry, R. F.
Lowry, Mrs. R. F.
Lowry, child
Lucas, Wm.
Ludlow, W.F.
Luetke, Louis
Lumpkin.,
Lunn, Phil. H.
Lunn, Miss Rose
Lunn, Thomas
Luster, Fred
Lute, Annie
Luter, Jacob
Lutz,J.
Lutz, Jacob
Luven, Rosalie
Lyman, Henry J.
Lynch, Mary
Lynch, Mrs.
Lynch, Wm.
Lynch, James
Lynch, Mike
Lynch, Amelia
Maag, Mrs. Geo.
Maag, Geo.
Mack, Pat
Mack,Mike
Mackall, Thos. F..
Madheart, Elizabeth
Madison, John H.
Madison.,
Madson, John
Maffey, Samuel
Magevney, Thomas
Magg, Geo.
Maginnis, Annetta 
Mahaffy, H. J.
Mahaffy, Leonora W. 
Mahan, Hannah
Maher, Mike
Maher,Wm.
Mahny, Hannah
Mahoney, Eliza
Mahoney's child (N.Y.),
Major, T. J.
Maley, May A.
Mallory, Alpho
Malone, Josie
Malone, M.
Malone, C. C.
Maloney, Peter
Maloney, M.
Maloney, Mrs. Maggie
Maloney, Grace
Malowney, Mike
Malsey, Caroline 
Maltese, Mrs.
Malton, Uriah
Mancher, Mrs. A.
Mancher, Gus
Mangus, Annette 
Manley, Margaret A. 
Manley, Maggie E. 
Manly, Theresa
Mann, Sallie
Mann, Eddie
Mannery, Pat
Manser, Philip
Mansford, E. J.
Manuel, R. C.
Margeaye, Jennette
Marguerite.,
Mariam, G.
Maricuschalk, Mrs.
Marks, Jacob
Marks, Moses
Marsa, Mrs.
Marsden, John
Marshall, E. C.
Marshall, E.
Marso, Mary R.
Martin, Mary
Martin, John (Detroit.)
Martin, T.
Mason.,
Massei, Joseph
Massingate, H. S.
Matemur, Father
Mathews, Mrs. Fannie
Mathews, Fannie A.
Mathias, Fred.
Matthews, Mrs. Fannie
Matthews, Mrs. Fannie
Mattingly, M. A. 
May, Wm. B.
Mayer, W.
Mayer's child,
Mazetla, Anna
McAnally, W. T. 
McArniste.,
McBride, Ella
McCall, F.
McCall, Henry
McCall, Robert
McCallum, W. D.
McCann, Geo.
McCann.,
McCarty, Thomas
McCauley, J. B.
McCay, Catharine
McClanahan, Thos. H.
McCloy, J. W.
McConnell, John
McConnell, T.
McConnell, Thomas
McConnell A.,
McCooney, John
McCormick, John
McCormick, Wm.
McCowell, Thomas
McCoy, Miss Minnie
McCoy, Robert J. . 
McCrea, Mrs.
McCullogh, Ben
McCully,
McCune, Mrs. John
McDonald, Rosa
McDonald, J. W..
McDonald, Peter
McDonald, Mrs.
McDonald, J. W.
McDonald, Kate
McDonnell, Con
McDougal, C. H.
McDowell, Mrs.
McDowell, H.
McElroy, Wm. M. Milenus Father
McElroy, Sergeant 
McFall, M. E.
McFreely, John
McFresh, James
McGarvey, J. R. 
McGee, Paul
McGillivery, David
McGiouly, D. T. 
McGran, Nellie
McGrann, Miss Nellie
McGregor, Dr. T. H.
McGregor, Joe
McIlvain, Mrs.
McKay, D. L.
McKenzie, Mrs. S. A.
McKenzie.,
McKeogh, Martin
McKeon, W. James
McKeon, Mary
McKeon.,
McKernan, M.
McKerney, Mrs.
McKim, Dr. J. W.
McKinley, Mrs. Ed.
McKinley, Mrs.
McKinley's child,
McLaughlin, Florence
McLean, John W.
McLean Robert,
McLemore, John
McMahon, Mrs.
McMamara's child,
McMamari, Mrs.
McMann, A. H.
McManus, S.
McMillan, Mary
McMinane, Francis
McNeal, Charles
McNeal, James
McNickels, Thomas
McShean, John
Mead, Dr.
Mead, Francis
Mead, Sarah A.
Meagher, Annie
Meath, John
Meek, Miss S.
Meinann, Mr.
Melvin, Robert
Menees, Dr. Thos. W.
Menken, N. D.
Merritt, Geo. R.
Merton, Cornelius
Mertz, Tenny
Messick, Mr.
Metcalf, Sam
Metcalf, Emmons
Mettern, Frank
Meyers, Caroline
Meyers, Pete
Meyers, Wm.
Mhoon, W. J.
Mhoon, W. J.
Mhoon, Miss
Mhoon, J. S.
Michaelis, Gus
Michaels.,
Michot, Eugene
Michot, Minnie
Michot, Lady
Michot, Mrs. Eliza
Michot, M. L.
Mike..,
Milhirit, T. J.
Miller, A.
Miller, Jennie
Miller, R. Ben
Miller, Jo.
Miller, August
Miller, S. B.
Miller, Mrs. S. B.
Miller, Geo. S.
Miller, Capt. Willie
Miller, Lela
Miller, Billie
Miller, W. W. C.
Miller, Joe E.
Miller, John C.
Miller.,
Minor, T. F.
Mitchell, R. W.
Mitchell, M.
Mitchell, Mollie
Mitchell, Mrs. Dr. R. W. 
Mitchell, John
Mitchell, Mrs. John H.
Mitchell, John H.
Mitchell, Avery
Mitchell's boy,
Miverzagt, Wm.
Moffat, Wm.
Moffitt, John
Monahan, Mrs. Ella
Monahan, Mrs.
Monnier, C. V. S.
Monsarrat, Oscar
Monteverdi, Mary
Montgomery, Wm.
Montgomery, Dr. B. R.
Montiverdi, Miss Kate
Moon, R. B.
Moony, Rev. J. J.
Moore, Ed.
Moore, Virgil V.
Moore, Miles
Moore, Chas. G.
Moore, Jesse
Moore, W. H.
Moore, Robert
Moore.,
Moran, Mike
Moran, John
Morgan, Walter
Morgan, John
Morgan, Mrs.
Morow, Miss Julia E.
Morris, James
Morris, James
Morris, Alice
Morris, John
Morris, Mary
Morris, John R.
Morrison, Channing
Morrison, Charles
Morrissey, Margaret
Morrissey, Peter
Morrow, Mrs. Julia
Morrow, Miss Julia
Morti, Gus A.
Morton, Miss L.
Morton, Albert
Mosby, Mrs. M. L.
Mudd, John G.
Mueller, G. W.
Muller, Albert
Muller, Mrs. John G. 
Muller, Geo.
Muller, Mrs.
Mulligan, Richard
Mullihen, C. R.
Multiger, Thos.
Murdock, Lotta
Murdox, Charles
Murphy, Frank
Murphy, Eliza
Murphy, Mollie
Murphy, John
Murphy, G.
Myers, Adolph
Myers, Adolph
Myers, Francis
Myers, Wm.
Myers, John
Myers,Ed.
Myers, Mrs. Linda Omaly.
Mynatt, Thos. B.
Mynatt, Wm. H.
Nagle, Tillie
Nail, Col. John H. 
Nail, Mrs. May
Nash.,
Neal, Mrs.
Neal, Mrs. M. C.
Neidig, F.
Nelson, Dr.
Nelson, Mrs. Dr. A. W. 
Nelson, Miss Julia
Nelson, Samuel
Nelson, Mollie
Newman, Mary
Newman, James
Newsom, Ida
Nichols, W.
Nichols, W. L.
Nicholson, S. B.
Nicholson, Robert
Nicolati, F.
Noble, Robert
Noel, Theo.
Noel, Emily
Noella, Louis
Noland, Mary
Noonan, Mary
Noonan, Mrs.
Norman, J.
Norman, Mrs. A. A. 
Norman, Willie F. 
Norris, Mary E.
Norris, Mrs.
Norris, John
North.,
Northrup, John H.
Northrup, Rachel E. 
Novetsky, Annie
Nugent, Dr.
Nutall, M. H.
Nutting, G. A.
Oâ€™Bowden, Harry
Oâ€™Clements, T. F.
Oâ€™Gara, Mary
Oâ€™Haver, George
Oâ€™Hern, Mary
Oâ€™Hern, Hannah
Oâ€™Leary, Mrs. J. O.
Oâ€™Maddox, Robert
Oates, W. T.
Obermeyer, Joseph
Oberst, Wm.
Oberst, Mrs. Catharine 
Oberst, Julia
O'Brien, M.
O'Brien, Mike
O'Brien, Willie
O'Brien, John
O'Brien, Mrs.
O'Brun, James
O'Bryne, John
O'Conner, John
O'Conner, John
O'Conner, Ellen
O'Conner, Bridget 
O'Conner, Mrs. Catharine 
O'Day, Ella
O'Dell, Catharine
O'Donnell, Mrs.
O'Donnell, Wm.
O'Donnell, Mrs. B.
Oertell, H.
Offerd, Alfred N. .
O'Grady, Thomas
O'Hara, James F.
O'Keefe, Mamie
O'Leary, John
Olstead, Tim
O'Neal, L.
O'Neal, Mike
O'Neal, Alice
O'Neal, Mrs. Maggie
O'Nettie, G.
Onley, Miss
Only, John
Orsin, Henry
Osborn, Eliza
Oshen, Henry
Oskman, Henry
Otey, George
Otey, Dr. Paul F. 
Otto, A.
Otto, George
Owen, Andrew J.
Owen, Mrs. Julia M. 
Owen, Lizzie
Owens, John
Oxner, Martin
Oy,
Packer, Charles
Paegels, Mrs. Amelia
Paegels, Otto
Page,(child)
Page, John F.
Page, Miss M. B.
Pagell, Charles
Paine, Maggie
Paine, Grimmy
Pallard, Mrs. M. L.
Palmer, Lucinda
Palmer, Ella
Palmer, H. L.
Pao, John
Park, J. G.
Parker, J. C.
Paroti, Vincent
Parsons, Rev. C. C.
Partee, Charles L. 
Partlow, Mrs F.
Patchell, James
Patchell, Mrs.
Patillo, R. F.
Patillo, L. C.
Patillo, R. H.
Patterson, Joseph
Patterson, Martha
Patton, Bud
Patton, E. S.
Patton, Maggie
Paul, W. P.
Payne, M.
Payne, Mary
Peabody, Geo. N. 
Peabody, John M. 
Pearce, Mrs. Nancy
Pearl, Emma
Pearsall, Miss Ida
Pearsall, Miss Clara
Pearsell, A.
Pease, Lucy
Pease, Fannie
Peck, F. B.
Peeples, Dr. Berlin 
Peeples, Jesse
Pellegrame, E.
Pennacche, Louis
Perdeau, B. D.
Perfect, Earnest
Perkins, N. P.
Perry, Leonora
Perry, Sommers
Perry (child),
Persons, Albert
Peters, Thomas
Peterson, John
Pharrew, Phil.
Phelan's child (P. H.) ,
Phillips, Wm.
Phillips, Mrs. M. B.
Phillips, Minnie
Philmont, Annie
Phister, Jacob
Piaggio, Vic.
Pica, Victor
Pierce, Dr. Hyland 
Pierce, Nellie
Pilegrins, Rosamond
Pillson, Elizabeth
Piper, August
Piper.,
Pittman, Miss Carrie A. 
Plain, Katie
Plain, Mrs. Carrie 
Plischke, C. H.
Plischke, Mrs. C. H.
Plummer, Frank
Plummer, Al.
Plummer, B. F.
Plummer, Mrs.
Pocai, Henry
Pohl, Ann
Pohl, Theodore
Pohl, Mrs. Thos.
Pollard, J. E.
Pollock, Samuel
Pope, Charles
Pope, Willie
Pope, Nura
Porter, Mildred E.
Porter, William
Porter, W. E.
Porter, Charles
Posey, H. J.
Powell, W. T.
Powell, W. L.
Powers, Ed.
Powers, John H.
Powers, R. W.
Powers, Mr.
Poyner, Mr.
Pratt, Petty
Precont, G. L.
Prescott, Walter
Prescott, 0. F.
Presh, F.
Price, Ed.
Pritchett, T. T.
Pritchitt, Mrs.
Probert, Geo. C. 
Provenzale,(child)
Provenzale, M.
Pryor, Green
Pugh, W. T.
Pugh, Mary A.
Pugo.,
Pullen, Mrs. Ben K. 
Quenn, Mary
Quigley, Mary
Quinlin, Eugene
Quinn, Mike
Radd, Mrs.
Radt, M.
Raggio, John
Raggio, Miss Lizzie
Ragio, Mrs. Mary R.
Ragio, Amelia
Ralston, Walter
Ralston, Mrs. James
Ramsen, Mary
Ramsey, C.
Rancoskey, H.
Randle, Fred.
Rapp, Ann R.
Rash, Richard L.
Ravenly, J.
Ravenos, A.
Raverall, Alfred
Ravinale, Alfred
Rear, August
Reardon, Con.
Reckford, Fannie
Reder, Ada
Redford, M. W.
Redford, J. R.
Reed, Ross
Regan, James F.
Rehkopf, Q. F.
Reid, George
Reid, George
Reid, E. P.
Reid, Wm.
Reider, Fred.
Reignders, John
Reilly, Kate
Reiner, Martin
Reinert, Joseph
Reinhart, Dr.
Reinig, C.
Renner, Dr. J. E.
Rentz, John
Ressler, Fred.
Restmeyer, Mrs. Fred.
Retwick.,
Reugg, August
Revoil, Lizzie
Revoll, Lena
Reynolds, Harry S.
Reynolds, Miss Fannie
Reynolds, Frank
Reynolds.,
Reynolds.,
Reynolds.,
Rezzonica, Mrs. C.
Rezzonica, R. $.
Rice, Dr. John L.
Rice, Annie
Rich, Henry
Richards, Thomas
Richards, Mattie
Richardson, Jane
Riley, James
Riley, Mrs. Sarah
Riley, Mrs.
Riley, Mike
Rill, John
Ring, Maggie
Ring, Dan.
Ringer, Lafayette
Ringwald, Mrs.
Ringwald, Ed.
Ringwald, S.
Ringwald, Stella
Rinkhardt, Mrs.
Riordan, Rev. Father
Risk, E. F.
Rivoil, Mrs. Lou
Roach, Mrs. Delia
Roach, Lena
Roadman, John
Robbins, Miss Annie
Roberts, John
Roberts, Sarah
Roberts, Mrs. H.
Roberts, Susan
Roberts' son,
Robertson, George
Robertson, Eliza
Robeson, Mary
Robinson, Wm.
Robinson, Ben.
Robinson, G.
Robinson, Clark
Roby, Joseph R.
Roem held, John
Rogers, Dr. John C.
Rogers, Capt. Joseph
Rogers, Emily
Rogerson, Julian A.
Romaggi, John
Rooney, J. P.
Root, Irving
Roper, Miss Annie
Roper, Miss Lizzie
Roper, Jasper
Roper, Mrs. Maggie
Rose, J A.
Rosebrough, Rev. Dr.
Rosenthal, Aug.
Ross, Benj.
Rosselle, William
Rossi, John
Rostinger, J.
Round, Miss Bell
Rounds, Mrs. James
Rounds, James
Roush, John A.
Rowan, W. G.
Royster, F. W.
Rubenstein, Pike
Rubenstein, Lena M.
Rudd, Wm. A.
Rue, Vincent
Ruffin, Freddie
Ruffin, Joe
Ruffin, J. B.
Ruffin, Mollie
Ruil, Walter
Rummel, A.
Rushing, Miss
Rushing, Mrs.
Rushton, Wm.
Russell, Maggie
Russell, Joe
Ruth, Sister
Rutter, John
Rutter, Miss C.
Ryan, James
Ryan, Elizabeth
Ryan, Stephen
Ryan, Ellen
Ryan, Jack
Ryan, James
Ryder, Patrick
Rynders, John
Sailor, Mrs. Mary
Sales, Ella
Saltalamachia, F.
Salziger, H. G.
Salziger, H. G.
Sample, Dr. J. F.
Samuels, Morris
Sanders, Martha i. 
Sandey, Clara
Sassman, Frank
Sauer, Rabbi F.
Sauer, P. H.
Sauer, Mrs. Margaret
Saunders, T. B.
Saunders, Clara
Saunders, Wm.
Saupe, Susan
Saupe, Frank
Sauter, Charles
Saylor, Jo.
Scales, Geo.
Scales, Ollie
Scanlan, Rev. Father
Scarafiotts, Joseph
Schaefer, J.
Schafer, Herman
Schaff, Mrs.
Schalscha, Hanna
Schalscha, Ida
Schalscha, Fannie
Schaper, Alice D. 
Schappe, Fred. C.
Scharff, Alex.
Scheley, F. W.
Scheller, Mrs. M.. 
Scheller, Mr.
Scherbly, John
Scherner, Abe
Scherrie, Sister
Schilling, L.
Schilling, Ferdinand 
Schindler, C.
Schlemmer, Charles
Schlich, Mrs.
Schmuck, Peter
Schneider, Jacob
Schneider, Cora
Schneider, Mrs.
Schneider.,
Schroder, Caroline 
Schroeder, Caroline
Schroeder, H. L. 
Schuday, Margaret
Schudi, Mrs. Margaret
Schuler, Emma
Schulier, Mollie
Schultz, A. C.
Schultz, Mrs. A.
Schultz, Gullus
Schultz, Wm.
Schultze, Henry
Schulz, C.
Schulze, A. F.
Schutz, Mrs.
Schuyler, Rev. L. S.
Schwab, Antony
Scott, Martin
Scronce, J.
Scruggs, Judge P. T.
Scullen, Tim
Scullen, P.
Scully, Agnes
Scully, Charles
Scully, J. H.
Scypper, Miss Mima' 
Sears, J.'J.
Sebrall, Mr. . 
Sechumeyer, Ed.
Seessel, George
Selvin, John
Sepp, Mary
Shauders, Mrs.
Shaw, James
Shaw, Mrs. Kate
Shea, Thomas
Shears, Mr.
Sheehan, Mrs.
Sheehan, Mrs. C.
Sheehan, John
Shelby, Mat
Shelby, Mat
Shelton, Mrs. M. L.
Shelton, R. W.
Sheperd, W. B.
Sheperd, Mrs. W. B.' 
Sheperd, Miss Daisy
Sheppard, B. E.
Shepperd, Thos.
Shepperd, Francis
Shepperd, W. B.
Sherfuld, child
Sherry, Patrick
Shevenill, Miss
Shields, Peter
Shillin, W. H.
Shilly, Geo.
Shipley, Mathias 
Shippard, Wm.
Shoemaker, Morris
Shorter, Clara M.
Shroyer, W. P.
Shroyer, Margaret
Shrud, Fred.
Shumaker, Peter
Shumecks, Mr. Sr.
Shute, Frank
Shuttleworth, A.
Shuttleworth, Annie R.
Simmons, L.
Simmons, Mrs.
Simmons, Julian A.
Sister Blank,
Slack, Lizzie
Slack, Mrs.
Slagle, Josephine
Slater, Rev. Dr. E. C.
Slater, Miss Sallie
Slater, Mrs. E. C.
Slater, Miss Mollie
Slaughter, Sam.
Slemmer, Henry
Slowart, W. F.
Slowart, Mrs. J. M. 
Small, Mrs. M.
Smith, Mrs. B.
Smith, Ann
Smith, John
Smith, Frank
Smith, Mrs.
Smith, W. J.
Smith, John
Smith, John
Smith, John
Smith, John
Smith, Emma
Smith, Charles M.
Smith, M. F.
Smith, Hester
Smith, Sam
Smith, Dave
Smith,Mrs. B.
Smith, Josie
Smith, D. P.
Smith, H.
Smith, Eliza
Smith, Mrs. H. D. 
Smith, Nellie
Smith, Philip
Smith, August
Smith.,
Smith's child (W. E.) Â· ,
Sneeringer, E. F. 
Snigg, Ed. J. . . 
Snyder, Kate
Snyder, Mrs.
Solari, Tony
Solomon, E.
Somers, Mrs. Margaret
Souhr, Josephine
Sour, Ada
Spain, Lucy
Spain, Mary Ann . 
Speckernagle, Wm.
Speers, Mrs. Elizabeth
Spellman, Wm.
Spicer, Jennie
Spiegel, Paul
Spilman, P.
Spine, W. H.
Sprigg, John
Stack, Margaret
Stalm, Henry
Stalm, J. N.
Stanberg, Ed. A.
Stanley, Mike
Stanley, John R.
Stanley, Mrs. P. P.
Stansbery, Chas
Staratt, James
Starrett, Mrs. Frances E. 
Starrett, Eddie
Steele, Mrs. C. L.
Steele, Mrs. C. L.
Steele.,
Steel's child,
Stein, Mary
Steinkuhl, Mary
Steinkuhl, Margaret
Steman, Joseph
Steneth, John
Stephens, Julian
Stephenson, E.
Stephenson, Wm.
Stephenson, W. D.
Stephenson, Miss
Sterlie, Helen
Stevenson, Nelson 
Stewart, Maggie
Stewart, C. Young
Stewart, Miss Sarah M.
Stewart, Sarah W.
Stewart, P. B.
Stewart, C. T.
Stewart, Thos.
Sticky, James
Stillman, Henry
Stokes, Mrs. Ann 
Stoll, August
Stomburg, Arthur
Stone, James
Stovall, Mollie
Stowe, Mrs.
Stowe, Ida
Stowe, Maude
Strain.,
Strange, Miss
Strasman, Ben.' 
Stratman, A.
Strauburg, Earnest
Strausburg, Chas.
Street, Fannie
Strehl, Mollie
Strehl, Mr. J. A. - 
Stretch, Sarah Ann
Strikers, Elvira
Strong. .,
Sturdivant, Mrs.
Sturla, Fred.
Sudy, Mrs.
Sullivan, Loritta
Sullivan, Dennis
Sullivan, Thos.
Sullivan, M.
Sullivan, Mary
Sullivan, Mrs.
Sullivan, Jas. J.
Sullivan, Mrs.
Sutton, Willie
Sutton, George'
Swan, August
Sward, Miss Lena 
Swatkey, Mary
Sweeney, Ed.
Sweeney, James H.
Sweney, child
Swift.,
Taggart, R. L.
Tait, David
Tait, Wm.
Tarby, Michael
Tate, Jesse M.'
Tate, Lucy A.
Taylor, Lou
Taylor, Charles
Taylor, J. B.
Taylor, John B.
Taylor, Michael
Taylor, Annie
Taylor, D. Åž.
Taylor, A. W.
Taylor, Park
Taylor, Jessie
Taylor, Samuel
Taylor, Dave
Tehn, Mrs. Mary
Temps, Willie
Termoth, Bernard i
Terry, John H.
Teufel, Josephine
Thecla, Sister
Theobas, Thomas.
Thixton, W. C.
Thixton, child
Thoma, Pauline
Thoma, Charlotte 
Thomas, Caroline
Thomas, Henry
Thomas, Rev. A. 
Thomas, Alma
Thompson, Mrs. Mattic
Thompson, Willie
Thompson, Charles G..
Thompson, Al.
Thompson, Billie
Thompson, Mrs.
Thompson, R. A. 
Thompson, Aggie
Thompson, Jerry
Thompson, S. H. 
Thompson, D. H. 
Thompson, Samuel
Thorn, Birdie
Thorn, Bertha
Thrall, J. C.
Thumel, A. F.
Thweat, Noble
Thweat, A.
Tibbs, J.
Tierney, Maggie
Tierney, Charles
Tighe, Peter
Tighe, Peter Aug. 
Tighe, Samuel
Tighe, James
Tildson, Fannie
Tilson, F.
Tilton, R.
Tobin, Ellen
Tobins, Mike
Tobins, Mrs.
Tomeny, Hal.
Tomeny, Helen
Tomeny, Mrs. J. M.
Tomeny, J. M. .. .
Torrance, Hugh
Toulson, Charles
Town, Ernest
Townsend, Willie
Townsend, Miss
Townsend, Joseph
Townsley, Sam.
Tracey, Maggie
Trainn, Thomas
Trigg, Jo. W.
Trigg, A. N.
Trindall, Miss
Trumbull.,
Tuck, Francis
Tuerck, Dr.
Tufel, Mrs. B.
Tuifel, Bettie :
Tuifull, Julius 
Turner, Thomas
Turner, Thomas. 
Turner.,
Tusher, Patrick
Tweedy, Thomas
Uhl, Nick
Ullman, Carl M. 
Untrand, Charles
Vaccaro, A.
Vanhook, John
Vanhorn, W. C.
Vantroostenberg, Father
Varley, Thomas
Varner, Tom
Vaughan, Manuel
Veishber, John
Venable, Mrs.
Venable, Joseph
Venn, Mrs.
Venn, Clara
Venn, Mary T.
Veronica, Sister
Vincentia, Sister
Violet, Thomas
Virgeson, Marion W. 
Voegeli, Henry J. 
Voegeli, Mrs. Henry J. 
Volkner, Fred.
Von Kunz, C. A.
Voorhies, C. V.
Vorbrink, Joseph
Wadron, Polly
Waffon, Wm.
Wagener, Mike
Waggener, W. A.
Waggener, J. H.
Wagoner.,
Waldon, Jack
Waldron, James
Walker, Ceryl
Walker, James M.
Walker, Wm.
Walker, W. J.
Wallace, Mrs.
Waller, Mrs. M. B.
Wallin, Bettie
Walsh, Lizzie
Walsh, Thomas
Walsh, Katie
Walsh, Martin
Walsh, Daniel V.
Walsh, Bridget
Walsh, John
Walsh, Andrew
Walsh, Martin
Walsh, Dennis
Walsh, John
Walsh, Johnnie
Walton, C.
Wande, Albert
Ward, Lillie
Ward, T. F.
Ward, J. C. Sr.
Ward, J. C.
Ward, Horatio J.
Ward, Lillie
Wardlaw, David A.
Wardlaw, D. Ä„.
Ware, J. Hopson
Warneke, Mrs.
Warneke, Caroline
Warneke, Fritz
Warner, Tom
Warner, David E. 
Warner, F.
Warner, Carrie
Warren, Jennie
Warring, H. L.
Washer, Hatties 
Washington, Mrs. E. B. 
Watkins, Belle
Watson, Dr. K. P.
Weatherby, Wm.
Weaver, J. B.
Weaver, Mrs. J. B. 
Webb, Macon
Webber, Ed.
Weiden, Frank
Weidk, Charlotte 
Weidlam, John
Weidt, G. Annie
Weller, Henry Clay
Wellman, Cary
Wellman, M. C.
Wells, Frances
Wells, John
Wells, Mr.
Wells, Mrs.
Welsh, Mike
Welsh, Mary
Welsh, Patrick
Welsh, Charlie
Welsh.,
Welsk, Kate
Welsk.,
Welstein, Mrs.
Wenderlin, Brother
Wendler, John
Werrick, child
Wesche, A.
Wescher, Mrs.
Wescher, A.
West, Anthony
Westfield, A. J.
Wezy, J. W.
Whalen, Andrew
Wheeler, Lillie
Whipple, Mrs. E. A. 
White, Bertie
White, Mary S
White, Robert
White, M.
White, Lewis
White, Eugene D.
White, M.
White, Dr.
White, Gotlieb
White, Martin
Whitfield, Thomas
Whitfield, Wm.
Whitford, Mrs. E. L.
Whitmore, Mr.
Wiggins, James
Wilcox, J. H. .
Wild, Ed. 
Wildberger, Stella
Wildberger, John
Wilder, Lillie
Wileth, Mrs.
Wiley, W.
Wilform, W. Scott
Wilhelmine, Sister
Wilhert, Adolph
Wilhert.,
Wilhirst, E.
Willard, Mary Ella 
William.,
Williams, Ed.
Williams, Sarah E.
Williams, Maggie
Williams, C. M.
Williams, Caroline
Williams, Ed.
Williams, Dr. R. B.
Williams, Mrs. N. H.
Williams, Robert E.
Williams, Oswald
Williams, Davy
Williams, Wallace
Williams, W. T.
Williams, Peter
Williamson.,
Willis, William
Wilson, John 0.
Wilson, Mrs. M.
Wilson, Mrs.
Wilson, Wm.
Wilson, Helena B.
Winchester, Louisa
Windler, Francis
Winson, S.
Winson, Mrs. S.
Winstein, Josephine
Winston, Charles
Winter, Charles
Winters, Thomas
Wisely, Julia
Witte, Wilhelm
Woeller, Jo.
Woern, Louisa
Woerne, Wm.
Wolf, Mrs. Emma
Wolf, Augustus
Wolf, Mr.
Wood, Wright
Wood, Jonathan
Woodruff, Wm. C.
Woodruff, Andrew
Woods, Josephine
Woods, Mrs.
Woods, Martha
Woods, George W. 
Woodward, A. B.
Woodward, Dr. J. D.
Woodworth, Mrs.
Worsham, Ed. R.
Worsmick, Mrs.
Worth, H.
Wosnick, Joseph
Wray, John H.
Wray, Mrs.
Wright, Robert
Wright, Harry
Wright, Mrs.
Wright, King
Wright, Casper
Wright, A.
Wright, Pat. E.
Wright, Mrs. Josie 
Wright.,
Wupperman, A.
Wyle, Wm.
Yarby, Austin
Yerger, Lewis
Yonkers, Mrs.
York, Wm. J.
York, F. P.
Young, Fannie
Young, Annie
Young, Thomas
Young, Thomas
Young, John
Zanone, Mary M.
Zanoni, Mrs.
Zeirig's child,
Zimmerman, Ann
Zoanne, Baptiste
Zoyer, Tillie
